title,description
Tarefa 01,Descrição da tarefa 01
Tarefa 02,Descrição da tarefa 02
Tarefa 03,Descrição da tarefa 03
Tarefa 04,Descrição da tarefa 04
Tarefa 05,Descrição da tarefa 05
Tarefa 06,Descrição da tarefa 06
Tarefa 07,Descrição da tarefa 07
Tarefa 08,Descrição da tarefa 08
Tarefa 09,Descrição da tarefa 09
Tarefa 10,Descrição da tarefa 10
Tarefa 11,Descrição da tarefa 11
Tarefa 12,Descrição da tarefa 12
Tarefa 13,Descrição da tarefa 13
Tarefa 14,Descrição da tarefa 14
Tarefa 15,Descrição da tarefa 15
Tarefa 16,Descrição da tarefa 16
Tarefa 17,Descrição da tarefa 17
Tarefa 18,Descrição da tarefa 18
Tarefa 19,Descrição da tarefa 19
Tarefa 20,Descrição da tarefa 20
Tarefa 21,Descrição da tarefa 21
Tarefa 22,Descrição da tarefa 22
Tarefa 23,Descrição da tarefa 23
Tarefa 24,Descrição da tarefa 24
Tarefa 25,Descrição da tarefa 25
Tarefa 26,Descrição da tarefa 26
Tarefa 27,Descrição da tarefa 27
Tarefa 28,Descrição da tarefa 28
Tarefa 29,Descrição da tarefa 29
Tarefa 30,Descrição da tarefa 30
Tarefa 31,Descrição da tarefa 31
Tarefa 32,Descrição da tarefa 32
Tarefa 33,Descrição da tarefa 33
Tarefa 34,Descrição da tarefa 34
Tarefa 35,Descrição da tarefa 35
Tarefa 36,Descrição da tarefa 36
Tarefa 37,Descrição da tarefa 37
Tarefa 38,Descrição da tarefa 38
Tarefa 39,Descrição da tarefa 39
Tarefa 40,Descrição da tarefa 40
Tarefa 41,Descrição da tarefa 41
Tarefa 42,Descrição da tarefa 42
Tarefa 43,Descrição da tarefa 43
Tarefa 44,Descrição da tarefa 44
Tarefa 45,Descrição da tarefa 45
Tarefa 46,Descrição da tarefa 46
Tarefa 47,Descrição da tarefa 47
Tarefa 48,Descrição da tarefa 48
Tarefa 49,Descrição da tarefa 49
Tarefa 50,Descrição da tarefa 50
Tarefa 51,Descrição da tarefa 51
Tarefa 52,Descrição da tarefa 52
Tarefa 53,Descrição da tarefa 53
Tarefa 54,Descrição da tarefa 54
Tarefa 55,Descrição da tarefa 55
Tarefa 56,Descrição da tarefa 56
Tarefa 57,Descrição da tarefa 57
Tarefa 58,Descrição da tarefa 58
Tarefa 59,Descrição da tarefa 59
Tarefa 60,Descrição da tarefa 60
Tarefa 61,Descrição da tarefa 61
Tarefa 62,Descrição da tarefa 62
Tarefa 63,Descrição da tarefa 63
Tarefa 64,Descrição da tarefa 64
Tarefa 65,Descrição da tarefa 65
Tarefa 66,Descrição da tarefa 66
Tarefa 67,Descrição da tarefa 67
Tarefa 68,Descrição da tarefa 68
Tarefa 69,Descrição da tarefa 69
Tarefa 70,Descrição da tarefa 70
Tarefa 71,Descrição da tarefa 71
Tarefa 72,Descrição da tarefa 72
Tarefa 73,Descrição da tarefa 73
Tarefa 74,Descrição da tarefa 74
Tarefa 75,Descrição da tarefa 75
Tarefa 76,Descrição da tarefa 76
Tarefa 77,Descrição da tarefa 77
Tarefa 78,Descrição da tarefa 78
Tarefa 79,Descrição da tarefa 79
Tarefa 80,Descrição da tarefa 80
Tarefa 81,Descrição da tarefa 81
Tarefa 82,Descrição da tarefa 82
Tarefa 83,Descrição da tarefa 83
Tarefa 84,Descrição da tarefa 84
Tarefa 85,Descrição da tarefa 85
Tarefa 86,Descrição da tarefa 86
Tarefa 87,Descrição da tarefa 87
Tarefa 88,Descrição da tarefa 88
Tarefa 89,Descrição da tarefa 89
Tarefa 90,Descrição da tarefa 90
Tarefa 91,Descrição da tarefa 91
Tarefa 92,Descrição da tarefa 92
Tarefa 93,Descrição da tarefa 93
Tarefa 94,Descrição da tarefa 94
Tarefa 95,Descrição da tarefa 95
Tarefa 96,Descrição da tarefa 96
Tarefa 97,Descrição da tarefa 97
Tarefa 98,Descrição da tarefa 98
Tarefa 99,Descrição da tarefa 99
Tarefa 100,Descrição da tarefa 100
Tarefa 101,Descrição da tarefa 101
Tarefa 102,Descrição da tarefa 102
Tarefa 103,Descrição da tarefa 103
Tarefa 104,Descrição da tarefa 104
Tarefa 105,Descrição da tarefa 105
Tarefa 106,Descrição da tarefa 106
Tarefa 107,Descrição da tarefa 107
Tarefa 108,Descrição da tarefa 108
Tarefa 109,Descrição da tarefa 109
Tarefa 110,Descrição da tarefa 110
Tarefa 111,Descrição da tarefa 111
Tarefa 112,Descrição da tarefa 112
Tarefa 113,Descrição da tarefa 113
Tarefa 114,Descrição da tarefa 114
Tarefa 115,Descrição da tarefa 115
Tarefa 116,Descrição da tarefa 116
Tarefa 117,Descrição da tarefa 117
Tarefa 118,Descrição da tarefa 118
Tarefa 119,Descrição da tarefa 119
Tarefa 120,Descrição da tarefa 120
Tarefa 121,Descrição da tarefa 121
Tarefa 122,Descrição da tarefa 122
Tarefa 123,Descrição da tarefa 123
Tarefa 124,Descrição da tarefa 124
Tarefa 125,Descrição da tarefa 125
Tarefa 126,Descrição da tarefa 126
Tarefa 127,Descrição da tarefa 127
Tarefa 128,Descrição da tarefa 128
Tarefa 129,Descrição da tarefa 129
Tarefa 130,Descrição da tarefa 130
Tarefa 131,Descrição da tarefa 131
Tarefa 132,Descrição da tarefa 132
Tarefa 133,Descrição da tarefa 133
Tarefa 134,Descrição da tarefa 134
Tarefa 135,Descrição da tarefa 135
Tarefa 136,Descrição da tarefa 136
Tarefa 137,Descrição da tarefa 137
Tarefa 138,Descrição da tarefa 138
Tarefa 139,Descrição da tarefa 139
Tarefa 140,Descrição da tarefa 140
Tarefa 141,Descrição da tarefa 141
Tarefa 142,Descrição da tarefa 142
Tarefa 143,Descrição da tarefa 143
Tarefa 144,Descrição da tarefa 144
Tarefa 145,Descrição da tarefa 145
Tarefa 146,Descrição da tarefa 146
Tarefa 147,Descrição da tarefa 147
Tarefa 148,Descrição da tarefa 148
Tarefa 149,Descrição da tarefa 149
Tarefa 150,Descrição da tarefa 150
Tarefa 151,Descrição da tarefa 151
Tarefa 152,Descrição da tarefa 152
Tarefa 153,Descrição da tarefa 153
Tarefa 154,Descrição da tarefa 154
Tarefa 155,Descrição da tarefa 155
Tarefa 156,Descrição da tarefa 156
Tarefa 157,Descrição da tarefa 157
Tarefa 158,Descrição da tarefa 158
Tarefa 159,Descrição da tarefa 159
Tarefa 160,Descrição da tarefa 160
Tarefa 161,Descrição da tarefa 161
Tarefa 162,Descrição da tarefa 162
Tarefa 163,Descrição da tarefa 163
Tarefa 164,Descrição da tarefa 164
Tarefa 165,Descrição da tarefa 165
Tarefa 166,Descrição da tarefa 166
Tarefa 167,Descrição da tarefa 167
Tarefa 168,Descrição da tarefa 168
Tarefa 169,Descrição da tarefa 169
Tarefa 170,Descrição da tarefa 170
Tarefa 171,Descrição da tarefa 171
Tarefa 172,Descrição da tarefa 172
Tarefa 173,Descrição da tarefa 173
Tarefa 174,Descrição da tarefa 174
Tarefa 175,Descrição da tarefa 175
Tarefa 176,Descrição da tarefa 176
Tarefa 177,Descrição da tarefa 177
Tarefa 178,Descrição da tarefa 178
Tarefa 179,Descrição da tarefa 179
Tarefa 180,Descrição da tarefa 180
Tarefa 181,Descrição da tarefa 181
Tarefa 182,Descrição da tarefa 182
Tarefa 183,Descrição da tarefa 183
Tarefa 184,Descrição da tarefa 184
Tarefa 185,Descrição da tarefa 185
Tarefa 186,Descrição da tarefa 186
Tarefa 187,Descrição da tarefa 187
Tarefa 188,Descrição da tarefa 188
Tarefa 189,Descrição da tarefa 189
Tarefa 190,Descrição da tarefa 190
Tarefa 191,Descrição da tarefa 191
Tarefa 192,Descrição da tarefa 192
Tarefa 193,Descrição da tarefa 193
Tarefa 194,Descrição da tarefa 194
Tarefa 195,Descrição da tarefa 195
Tarefa 196,Descrição da tarefa 196
Tarefa 197,Descrição da tarefa 197
Tarefa 198,Descrição da tarefa 198
Tarefa 199,Descrição da tarefa 199
Tarefa 200,Descrição da tarefa 200
